{"lr": 0.001, "data_time": 0.0009389638900756836, "loss": 1.5739149093627929, "time": 0.18536295890808105, "epoch": 1, "memory": 2887, "step": 100}
{"accuracy/top1": 77.37818908691406, "accuracy/top5": 94.89559173583984, "data_time": 0.002470557336454038, "time": 0.017811903247126826, "step": 1}
{"lr": 0.001, "data_time": 0.0012134790420532226, "loss": 0.8164449632167816, "time": 0.18580951690673828, "epoch": 2, "memory": 2887, "step": 210}
{"accuracy/top1": 85.03480529785156, "accuracy/top5": 97.79582214355469, "data_time": 0.0005988680988276771, "time": 0.01576106045224251, "step": 2}
{"lr": 0.001, "data_time": 0.0011163949966430664, "loss": 0.5935240268707276, "time": 0.1860523223876953, "epoch": 3, "memory": 2887, "step": 320}
{"accuracy/top1": 88.3990707397461, "accuracy/top5": 98.7238998413086, "data_time": 0.0005995308587310511, "time": 0.015591358919756129, "step": 3}
{"lr": 0.001, "data_time": 0.001209092140197754, "loss": 0.4146415233612061, "time": 0.18658959865570068, "epoch": 4, "memory": 2887, "step": 430}
{"accuracy/top1": 89.79118347167969, "accuracy/top5": 98.7238998413086, "data_time": 0.0005411839266435815, "time": 0.015578738046348642, "step": 4}
{"lr": 0.001, "data_time": 0.001179647445678711, "loss": 0.4423743307590485, "time": 0.18620688915252687, "epoch": 5, "memory": 2887, "step": 540}
{"accuracy/top1": 90.95127868652344, "accuracy/top5": 98.95591735839844, "data_time": 0.0006071821265264389, "time": 0.01560132437889729, "step": 5}
{"lr": 0.001, "data_time": 0.0011651039123535157, "loss": 0.3395127937197685, "time": 0.1860365629196167, "epoch": 6, "memory": 2887, "step": 650}
{"accuracy/top1": 91.995361328125, "accuracy/top5": 98.95591735839844, "data_time": 0.0005925401635126236, "time": 0.015575813590933423, "step": 6}
{"lr": 0.001, "data_time": 0.00100555419921875, "loss": 0.3600185751914978, "time": 0.1864546060562134, "epoch": 7, "memory": 2887, "step": 760}
{"accuracy/top1": 92.3433837890625, "accuracy/top5": 99.41995239257812, "data_time": 0.0005687770493533633, "time": 0.015528333296469592, "step": 7}
{"lr": 0.001, "data_time": 0.0011067390441894531, "loss": 0.24726782590150834, "time": 0.18676540851593018, "epoch": 8, "memory": 2887, "step": 870}
{"accuracy/top1": 92.57540893554688, "accuracy/top5": 99.18793487548828, "data_time": 0.0005803501934086511, "time": 0.01566590300393761, "step": 8}
{"lr": 0.001, "data_time": 0.0011557579040527345, "loss": 0.23677911907434462, "time": 0.1863776206970215, "epoch": 9, "memory": 2887, "step": 980}
{"accuracy/top1": 93.2714614868164, "accuracy/top5": 99.18793487548828, "data_time": 0.0005935375843573054, "time": 0.015662027061532396, "step": 9}
{"lr": 0.001, "data_time": 0.0010439395904541016, "loss": 0.21779702454805375, "time": 0.18681397438049316, "epoch": 10, "memory": 2887, "step": 1090}
{"accuracy/top1": 93.7354965209961, "accuracy/top5": 99.18793487548828, "data_time": 0.0006181253205745592, "time": 0.01573222711545612, "step": 10}
