{"accuracy/top1": 93.7354965209961, "accuracy/top5": 99.18793487548828, "data_time": 0.0013688471582200793, "time": 0.02283157021911056}