{"lr": 0.009999108973269055, "data_time": 0.009224176406860352, "loss": 3.588166522979736, "decode.loss_ce": 2.4806362628936767, "decode.acc_seg": 27.479171752929688, "aux.loss_ce": 1.1075301885604858, "aux.acc_seg": 27.90241241455078, "time": 0.7650802612304688, "iter": 5, "memory": 14055, "step": 5}
{"lr": 0.00997794446709763, "data_time": 0.007293224334716797, "loss": 0.7152954280376435, "decode.loss_ce": 0.4807726711034775, "decode.acc_seg": 80.78355407714844, "aux.loss_ce": 0.2345227539539337, "aux.acc_seg": 81.28681182861328, "time": 0.13193821907043457, "iter": 100, "memory": 5939, "step": 100}
{"lr": 0.009955660594668054, "data_time": 0.01352860927581787, "loss": 0.4846130073070526, "decode.loss_ce": 0.32263136506080625, "decode.acc_seg": 93.12248229980469, "aux.loss_ce": 0.16198165118694305, "aux.acc_seg": 92.49314880371094, "time": 0.14165771007537842, "iter": 200, "memory": 5939, "step": 200}
{"lr": 0.009933371122565919, "data_time": 0.019781112670898438, "loss": 0.4444382220506668, "decode.loss_ce": 0.3039870738983154, "decode.acc_seg": 91.61491394042969, "aux.loss_ce": 0.1404511511325836, "aux.acc_seg": 91.7337417602539, "time": 0.14408619403839112, "iter": 300, "memory": 5939, "step": 300}
{"lr": 0.009911076035273796, "data_time": 0.044349384307861325, "loss": 0.3473051607608795, "decode.loss_ce": 0.23231662958860397, "decode.acc_seg": 95.15867614746094, "aux.loss_ce": 0.11498852968215942, "aux.acc_seg": 94.45858001708984, "time": 0.1715176820755005, "iter": 400, "memory": 5939, "step": 400}
{"lr": 0.0098887753171919, "data_time": 0.020441627502441405, "loss": 0.35128397643566134, "decode.loss_ce": 0.2325299546122551, "decode.acc_seg": 91.3106918334961, "aux.loss_ce": 0.11875402256846428, "aux.acc_seg": 89.4479751586914, "time": 0.14399428367614747, "iter": 500, "memory": 5939, "step": 500}
{"lr": 0.009866468952637547, "data_time": 0.00690305233001709, "loss": 0.3811895579099655, "decode.loss_ce": 0.2586802661418915, "decode.acc_seg": 91.08409881591797, "aux.loss_ce": 0.12250929027795791, "aux.acc_seg": 89.8873291015625, "time": 0.13214945793151855, "iter": 600, "memory": 5939, "step": 600}
{"lr": 0.009844156925844432, "data_time": 0.023712468147277833, "loss": 0.3165207266807556, "decode.loss_ce": 0.20782537907361984, "decode.acc_seg": 94.921875, "aux.loss_ce": 0.10869534760713577, "aux.acc_seg": 93.73922729492188, "time": 0.15160698890686036, "iter": 700, "memory": 5939, "step": 700}
{"lr": 0.009821839220962003, "data_time": 0.012677836418151855, "loss": 0.34772455245256423, "decode.loss_ce": 0.236821748316288, "decode.acc_seg": 92.17176818847656, "aux.loss_ce": 0.11090280413627625, "aux.acc_seg": 91.55445098876953, "time": 0.14130842685699463, "iter": 800, "memory": 5939, "step": 800}
{"lr": 0.009799515822054777, "data_time": 0.009569931030273437, "loss": 0.30869583040475845, "decode.loss_ce": 0.2068563662469387, "decode.acc_seg": 87.88728332519531, "aux.loss_ce": 0.10183945819735526, "aux.acc_seg": 86.33842468261719, "time": 0.13796846866607665, "iter": 900, "memory": 5939, "step": 900}
{"lr": 0.00977718671310168, "data_time": 0.021054863929748535, "loss": 0.36003310084342954, "decode.loss_ce": 0.24964282810688018, "decode.acc_seg": 88.3493423461914, "aux.loss_ce": 0.11039027273654937, "aux.acc_seg": 87.70361328125, "time": 0.15280749797821044, "iter": 1000, "memory": 5939, "step": 1000}
{"aAcc": 95.46, "mIoU": 71.31, "mAcc": 76.05, "data_time": 0.010973691940307617, "time": 0.44494959887336283, "step": 1000}
{"lr": 0.009754851877995354, "data_time": 0.014963531494140625, "loss": 0.32563893049955367, "decode.loss_ce": 0.2152862213551998, "decode.acc_seg": 90.700439453125, "aux.loss_ce": 0.11035271026194096, "aux.acc_seg": 89.81742858886719, "time": 0.1425616502761841, "iter": 1100, "memory": 5940, "step": 1100}
{"lr": 0.009732511300541468, "data_time": 0.013903260231018066, "loss": 0.3084524393081665, "decode.loss_ce": 0.19698840975761414, "decode.acc_seg": 92.43011474609375, "aux.loss_ce": 0.1114640325307846, "aux.acc_seg": 90.83423614501953, "time": 0.14284131526947022, "iter": 1200, "memory": 5939, "step": 1200}
{"lr": 0.009710164964458045, "data_time": 0.018096923828125, "loss": 0.26024463027715683, "decode.loss_ce": 0.16862208023667336, "decode.acc_seg": 94.15054321289062, "aux.loss_ce": 0.09162254929542542, "aux.acc_seg": 92.9556884765625, "time": 0.14590349197387695, "iter": 1300, "memory": 5939, "step": 1300}
{"lr": 0.009687812853374727, "data_time": 0.02617182731628418, "loss": 0.26277277916669844, "decode.loss_ce": 0.1726159483194351, "decode.acc_seg": 91.85791015625, "aux.loss_ce": 0.09015683121979237, "aux.acc_seg": 90.26956176757812, "time": 0.15123324394226073, "iter": 1400, "memory": 5939, "step": 1400}
{"lr": 0.009665454950832103, "data_time": 0.02216603755950928, "loss": 0.2734609395265579, "decode.loss_ce": 0.1818104773759842, "decode.acc_seg": 95.49922943115234, "aux.loss_ce": 0.09165045730769635, "aux.acc_seg": 95.93840026855469, "time": 0.1461564779281616, "iter": 1500, "memory": 5939, "step": 1500}
{"lr": 0.009643091240280942, "data_time": 0.008609414100646973, "loss": 0.24560073763132095, "decode.loss_ce": 0.16071156933903694, "decode.acc_seg": 93.80683898925781, "aux.loss_ce": 0.0848891694098711, "aux.acc_seg": 92.20294952392578, "time": 0.13593127727508544, "iter": 1600, "memory": 5939, "step": 1600}
{"lr": 0.009620721705081534, "data_time": 0.025200557708740235, "loss": 0.24546451717615128, "decode.loss_ce": 0.1629653126001358, "decode.acc_seg": 91.46804809570312, "aux.loss_ce": 0.08249920196831226, "aux.acc_seg": 89.37387084960938, "time": 0.1502854585647583, "iter": 1700, "memory": 5939, "step": 1700}
{"lr": 0.009598346328502901, "data_time": 0.00983290672302246, "loss": 0.23463216572999954, "decode.loss_ce": 0.1557091571390629, "decode.acc_seg": 95.76663970947266, "aux.loss_ce": 0.07892300561070442, "aux.acc_seg": 94.5809326171875, "time": 0.13952078819274902, "iter": 1800, "memory": 5939, "step": 1800}
{"lr": 0.009575965093722064, "data_time": 0.023373913764953614, "loss": 0.289175745844841, "decode.loss_ce": 0.19096785336732863, "decode.acc_seg": 94.55833435058594, "aux.loss_ce": 0.09820788726210594, "aux.acc_seg": 93.27345275878906, "time": 0.14995193481445312, "iter": 1900, "memory": 5939, "step": 1900}
{"lr": 0.009553577983823325, "data_time": 0.02773444652557373, "loss": 0.2778720647096634, "decode.loss_ce": 0.18244767040014268, "decode.acc_seg": 92.88520812988281, "aux.loss_ce": 0.09542439132928848, "aux.acc_seg": 91.19682312011719, "time": 0.15239481925964354, "iter": 2000, "memory": 5939, "step": 2000}
{"aAcc": 95.27, "mIoU": 78.33, "mAcc": 86.8, "data_time": 0.0032535923851860892, "time": 0.05014758639865451, "step": 2000}
{"lr": 0.0095311849817975, "data_time": 0.03699040412902832, "loss": 0.23853518664836884, "decode.loss_ce": 0.1590006835758686, "decode.acc_seg": 94.73371887207031, "aux.loss_ce": 0.07953450419008731, "aux.acc_seg": 93.2596206665039, "time": 0.16166832447052001, "iter": 2100, "memory": 5939, "step": 2100}
{"lr": 0.009508786070541123, "data_time": 0.058059072494506835, "loss": 0.22071694433689118, "decode.loss_ce": 0.14859619960188866, "decode.acc_seg": 95.96920013427734, "aux.loss_ce": 0.07212074771523476, "aux.acc_seg": 95.6533432006836, "time": 0.18349907398223878, "iter": 2200, "memory": 5939, "step": 2200}
{"lr": 0.009486381232855704, "data_time": 0.018324875831604005, "loss": 0.25007718056440353, "decode.loss_ce": 0.16130384281277657, "decode.acc_seg": 96.02728271484375, "aux.loss_ce": 0.08877333737909794, "aux.acc_seg": 96.38938903808594, "time": 0.15324053764343262, "iter": 2300, "memory": 5939, "step": 2300}
{"lr": 0.009463970451446941, "data_time": 0.016359686851501465, "loss": 0.19933053404092788, "decode.loss_ce": 0.12812700793147086, "decode.acc_seg": 94.7225570678711, "aux.loss_ce": 0.07120352499186992, "aux.acc_seg": 91.95184326171875, "time": 0.15272946357727052, "iter": 2400, "memory": 5939, "step": 2400}
{"lr": 0.009441553708923918,