{"aAcc": 97.08, "mIoU": 83.8, "mAcc": 88.46, "data_time": 0.00802469253540039, "time": 0.48116299685309916}